undefined ," undefined "
undefined ," A "
undefined ," Siz bu kanal orqali yuqori sifatdagi rasm va videolarni topishingiz mumkin. "
undefined ," Pastdagi postdan boshlab  "
photos/photo_1@25-08-2022_13-58-47.jpg ," Tags: Tree, Sunset, Clouds "
photos/photo_2@25-08-2022_13-58-53.jpg ," Tags: Mountains, Birds, Silhouette "
photos/photo_3@25-08-2022_13-58-58.jpg ," Tags: Mountains, Landscape, Sunset "
photos/photo_4@25-08-2022_13-59-06.jpg ," Tags: Sunset, Dawn, Nature "
photos/photo_5@25-08-2022_13-59-13.jpg ," Tags: Poppies, Field, Sunset "
photos/photo_6@25-08-2022_13-59-18.jpg ," Tags: Sunset, Tree, Water "
photos/photo_7@25-08-2022_13-59-25.jpg ," Tags: Hd Wallpaper, Nature Wallpaper, Fantasy "
photos/photo_8@25-08-2022_13-59-30.jpg ," Tags: Bridge, Forest, Fantasy "
photos/photo_9@25-08-2022_13-59-36.jpg ," Tags: Sunrise, Boat, Rowing Boat "
photos/photo_10@25-08-2022_13-59-41.jpg ," Tags: River, Autumn, Trees "
photos/photo_11@25-08-2022_13-59-49.jpg ," Tags: Sunset, Poppies, Field "
photos/photo_12@25-08-2022_13-59-55.jpg ," Tags: Forest, Path, Sunset "
photos/photo_13@25-08-2022_14-00-02.jpg ," Tags: Mountains, Hills, Sky "
photos/photo_14@25-08-2022_14-00-11.jpg ," Tags: Lake, Sunset, Rocks "
photos/photo_15@25-08-2022_14-00-18.jpg ," Tags: Church, Lake, Sunset "
photos/photo_16@25-08-2022_14-00-23.jpg ," Tags: Hd Wallpaper, Nature Wallpaper, Sunset "
photos/photo_17@25-08-2022_14-00-29.jpg ," Tags: Beach, Birds, Sea "
photos/photo_18@25-08-2022_14-00-36.jpg ," Tags: Sunset, Beach, Sky "
photos/photo_19@25-08-2022_14-00-42.jpg ," Tags: Mountains, Peak, Sunset "
photos/photo_20@25-08-2022_14-00-48.jpg ," Tags: Sunset, Tree, Dawn "
photos/photo_21@25-08-2022_14-14-51.jpg ," Tags ðŸ‡ºðŸ‡¸: Barley Field, Wheat, Agriculture "
photos/photo_22@25-08-2022_14-14-57.jpg ," Tags ðŸ‡ºðŸ‡¸: Mountains, Birds, Silhouette "
photos/photo_23@25-08-2022_14-15-04.jpg ," Tags ðŸ‡ºðŸ‡¸: Bridge, Forest, Fantasy "
photos/photo_24@25-08-2022_14-15-11.jpg ," Tags ðŸ‡ºðŸ‡¸: Lake, Sunset, Rocks "
photos/photo_25@25-08-2022_14-15-18.jpg ," Tags ðŸ‡ºðŸ‡¸: Beach, Birds, Sea "
photos/photo_26@25-08-2022_14-15-25.jpg ," Tags ðŸ‡ºðŸ‡¸: Village, Sunlight, Fields "
photos/photo_27@25-08-2022_14-15-33.jpg ," Tags ðŸ‡ºðŸ‡¸: Sunrise, Boat, Rowing Boat "
photos/photo_28@25-08-2022_14-15-38.jpg ," Tags ðŸ‡ºðŸ‡¸: Hd Wallpaper, Nature Wallpaper, Sunset "
photos/photo_29@25-08-2022_14-15-44.jpg ," Tags ðŸ‡ºðŸ‡¸: Church, Lake, Sunset "
photos/photo_30@25-08-2022_14-15-51.jpg ," Tags ðŸ‡ºðŸ‡¸: Mountains, Peak, Sunset "
photos/photo_31@25-08-2022_14-15-56.jpg ," Tags ðŸ‡ºðŸ‡¸: Mount Fuji, Japan, Volcano "
photos/photo_32@25-08-2022_14-16-03.jpg ," Tags ðŸ‡ºðŸ‡¸: Alberta, Canada, Lake "
photos/photo_33@25-08-2022_14-16-08.jpg ," Tags ðŸ‡ºðŸ‡¸: Hd Wallpaper, Nature Wallpaper, Road "
photos/photo_34@25-08-2022_14-16-14.jpg ," Tags ðŸ‡ºðŸ‡¸: Hd Wallpaper, Nature Wallpaper, Hills "
photos/photo_35@25-08-2022_14-16-19.jpg ," Tags ðŸ‡ºðŸ‡¸: Hd Wallpaper, Nature Wallpaper, Sunrise "
photos/photo_36@25-08-2022_14-16-26.jpg ," Tags ðŸ‡ºðŸ‡¸: Boats, Port, Sunrise "
photos/photo_37@25-08-2022_14-16-33.jpg ," Tags ðŸ‡ºðŸ‡¸: Forest, Sunbeams, Sunlight "
photos/photo_38@25-08-2022_14-16-38.jpg ," Tags ðŸ‡ºðŸ‡¸: Winter, Snow, Sunrise "
photos/photo_39@25-08-2022_14-16-45.jpg ," Tags ðŸ‡ºðŸ‡¸: Beach, Coast, Sunrise "
photos/photo_40@25-08-2022_14-16-52.jpg ," Tags ðŸ‡ºðŸ‡¸: Dawn, Morning Mist, Field "
photos/photo_41@25-08-2022_14-18-54.jpg ," Tags ðŸ‡ºðŸ‡¸: Sunrise, Boat, Rowing Boat "
photos/photo_42@25-08-2022_14-19-01.jpg ," Tags ðŸ‡ºðŸ‡¸: Mountains, Sunrise, Dawn "
photos/photo_43@25-08-2022_14-19-07.jpg ," Tags ðŸ‡ºðŸ‡¸: Clouds, Cumulus, Sky "
photos/photo_44@25-08-2022_14-19-17.jpg ," Tags ðŸ‡ºðŸ‡¸: Maldives, Palm Tree, Hammock "
photos/photo_45@25-08-2022_14-19-22.jpg ," Tags ðŸ‡ºðŸ‡¸: Nepal, Sunrise, Mountains "
photos/photo_46@25-08-2022_14-19-27.jpg ," Tags ðŸ‡ºðŸ‡¸: Sky, Clouds, Mountains "
photos/photo_47@25-08-2022_14-19-32.jpg ," Tags ðŸ‡ºðŸ‡¸: Water, Reflections, Waterscape "
photos/photo_48@25-08-2022_14-19-39.jpg ," Tags ðŸ‡ºðŸ‡¸: Tree, Sun, Sunshine "
photos/photo_49@25-08-2022_14-19-44.jpg ," Tags ðŸ‡ºðŸ‡¸: Sky, Clouds, Atmosphere "
photos/photo_50@25-08-2022_14-19-50.jpg ," Tags ðŸ‡ºðŸ‡¸: North Star, Stars, Night "
photos/photo_51@25-08-2022_14-19-57.jpg ," Tags ðŸ‡ºðŸ‡¸: People, Couple, Kiss "
photos/photo_52@25-08-2022_14-20-04.jpg ," Tags ðŸ‡ºðŸ‡¸: Beach, Sun, Evening "
photos/photo_53@25-08-2022_14-20-09.jpg ," Tags ðŸ‡ºðŸ‡¸: Hd Wallpaper, Away, Hill "
photos/photo_54@25-08-2022_14-20-14.jpg ," Tags ðŸ‡ºðŸ‡¸: Mackerel Sky, Moonlit Night, Clouds "
photos/photo_55@25-08-2022_14-20-21.jpg ," Tags ðŸ‡ºðŸ‡¸: Boat, Sea, Sky "
photos/photo_56@25-08-2022_14-20-27.jpg ," Tags ðŸ‡ºðŸ‡¸: Sunset, Dawn, Sky "
photos/photo_57@25-08-2022_14-20-36.jpg ," Tags ðŸ‡ºðŸ‡¸: Corn Field, Farm, Clouds "
photos/photo_58@25-08-2022_14-20-41.jpg ," Tags ðŸ‡ºðŸ‡¸: Woman, Beach, Sea "
photos/photo_59@25-08-2022_14-20-49.jpg ," Tags ðŸ‡ºðŸ‡¸: Trees, Hill, Grass "
photos/photo_60@25-08-2022_14-20-55.jpg ," Tags ðŸ‡ºðŸ‡¸: Clouds, Sky, Nature "
photos/photo_61@25-08-2022_14-21-39.jpg ," Tags ðŸ‡ºðŸ‡¸: Rainbow, Cloud, Evening Sun "
photos/photo_62@25-08-2022_14-21-45.jpg ," Tags ðŸ‡ºðŸ‡¸: Automobile, Vehicle, Drive "
photos/photo_63@25-08-2022_14-21-51.jpg ," Tags ðŸ‡ºðŸ‡¸: Fields, Clouds, Trees "
photos/photo_64@25-08-2022_14-21-58.jpg ," Tags ðŸ‡ºðŸ‡¸: Cyclone, Storm, Hurricane "
photos/photo_65@25-08-2022_14-22-05.jpg ," Tags ðŸ‡ºðŸ‡¸: Raindrop, Drop Of Water, Rain "
photos/photo_66@25-08-2022_14-22-11.jpg ," Tags ðŸ‡ºðŸ‡¸: Flower, Petals, Raindrop "
photos/photo_67@25-08-2022_14-22-16.jpg ," Tags ðŸ‡ºðŸ‡¸: Tree, Organic, Olives "
photos/photo_68@25-08-2022_14-22-23.jpg ," Tags ðŸ‡ºðŸ‡¸: Rain, Weather, Pool "
photos/photo_69@25-08-2022_14-22-30.jpg ," Tags ðŸ‡ºðŸ‡¸: Leaf, Rain, Weather "
photos/photo_70@25-08-2022_14-22-36.jpg ," Tags ðŸ‡ºðŸ‡¸: Petal, Pink, Tulip "
photos/photo_71@25-08-2022_14-22-43.jpg ," Tags ðŸ‡ºðŸ‡¸: Clouds, Heaven, Wind "
photos/photo_72@25-08-2022_14-22-49.jpg ," Tags ðŸ‡ºðŸ‡¸: Rain, Drops, Rainy "
photos/photo_73@25-08-2022_14-22-54.jpg ," Tags ðŸ‡ºðŸ‡¸: Norway, Lofoten, Nature "
photos/photo_74@25-08-2022_14-23-00.jpg ," Tags ðŸ‡ºðŸ‡¸: Railing, Rain, Wet "
photos/photo_75@25-08-2022_14-23-05.jpg ," Tags ðŸ‡ºðŸ‡¸: Rain, Street, Tables "
photos/photo_76@25-08-2022_14-23-12.jpg ," Tags ðŸ‡ºðŸ‡¸: Yellow Bells, Flowers, Raindrops "
photos/photo_77@25-08-2022_14-23-17.jpg ," Tags ðŸ‡ºðŸ‡¸: Leaves, Nature, Autumn "
photos/photo_78@25-08-2022_14-23-24.jpg ," Tags ðŸ‡ºðŸ‡¸: Lake, Landscape, Trees "
photos/photo_79@25-08-2022_14-23-30.jpg ," Tags ðŸ‡ºðŸ‡¸: Drops, Rain, Rain Drops "
photos/photo_80@25-08-2022_14-25-26.jpg ," Tags ðŸ‡ºðŸ‡¸: Mountains, Peak, Sunset "
photos/photo_81@25-08-2022_14-25-34.jpg ," Tags ðŸ‡ºðŸ‡¸: Antelope Canyon, Sandstone, Canyon "
photos/photo_82@25-08-2022_14-25-41.jpg ," Tags ðŸ‡ºðŸ‡¸: Mountains, Valley, Landscape "
photos/photo_83@25-08-2022_14-25-48.jpg ," Tags ðŸ‡ºðŸ‡¸: Panorama, Miami, City "
photos/photo_84@25-08-2022_14-25-54.jpg ," Tags ðŸ‡ºðŸ‡¸: Lighthouse, Cliff, Sea "
photos/photo_85@25-08-2022_14-26-01.jpg ," Tags ðŸ‡ºðŸ‡¸: Road, Sandstone, Sunset "
photos/photo_86@25-08-2022_14-26-07.jpg ," Tags ðŸ‡ºðŸ‡¸: Mount Rushmore, Monument, Sculpture "
photos/photo_87@25-08-2022_14-26-14.jpg ," Tags ðŸ‡ºðŸ‡¸: Canyon, Sandstones, Tourist Attraction "
photos/photo_88@25-08-2022_14-26-20.jpg ," Tags ðŸ‡ºðŸ‡¸: Sandstones, Valley, Landscape "
photos/photo_89@25-08-2022_14-26-26.jpg ," Tags ðŸ‡ºðŸ‡¸: Apollo, Moon Landing, Nasa "
photos/photo_90@25-08-2022_14-26-32.jpg ," Tags ðŸ‡ºðŸ‡¸: Rocket Launch, Rocket, Take Off "
photos/photo_91@25-08-2022_14-26-38.jpg ," Tags ðŸ‡ºðŸ‡¸: Glacier, Argentina, South America "
photos/photo_92@25-08-2022_14-26-45.jpg ," Tags ðŸ‡ºðŸ‡¸: Sunset, City, Buildings "
photos/photo_93@25-08-2022_14-26-50.jpg ," Tags ðŸ‡ºðŸ‡¸: Buildings, Illuminated, City "
photos/photo_94@25-08-2022_14-26-55.jpg ," Tags ðŸ‡ºðŸ‡¸: Beach, Sea, Cliffs "
photos/photo_95@25-08-2022_14-27-01.jpg ," Tags ðŸ‡ºðŸ‡¸: Usa, New York, Manhattan "
photos/photo_96@25-08-2022_14-27-08.jpg ," Tags ðŸ‡ºðŸ‡¸: Rocket Launch, Rocket, Take Off "
photos/photo_97@25-08-2022_14-27-14.jpg ," Tags ðŸ‡ºðŸ‡¸: Sandstones, Landscape, Rocks "
photos/photo_98@25-08-2022_14-27-22.jpg ," Tags ðŸ‡ºðŸ‡¸: Architecture, Bridge, Buildings "
photos/photo_99@25-08-2022_14-27-28.jpg ," Tags ðŸ‡ºðŸ‡¸: Brooklyn Bridge, Suspension Bridge, Bridge "
photos/photo_100@25-08-2022_14-27-35.jpg ," Tags ðŸ‡ºðŸ‡¸: Phone Wallpaper, Capital, Usa "
photos/photo_101@25-08-2022_14-27-42.jpg ," Tags ðŸ‡ºðŸ‡¸: Sunset, Manhattan, City "
photos/photo_102@25-08-2022_14-27-48.jpg ," Tags ðŸ‡ºðŸ‡¸: River, Bridges, Buildings "
photos/photo_103@25-08-2022_14-27-55.jpg ," Tags ðŸ‡ºðŸ‡¸: Canyon, National, Park "
photos/photo_104@25-08-2022_14-28-00.jpg ," Tags ðŸ‡ºðŸ‡¸: New York, Sea, City "
photos/photo_105@25-08-2022_14-28-07.jpg ," Tags ðŸ‡ºðŸ‡¸: Swamp, Trees, Sunset "
photos/photo_106@25-08-2022_14-28-12.jpg ," Tags ðŸ‡ºðŸ‡¸: North America, America, United States "
photos/photo_107@25-08-2022_14-28-18.jpg ," Tags ðŸ‡ºðŸ‡¸: Rocket Launch, Rocket, Take Off "
photos/photo_108@25-08-2022_14-28-25.jpg ," Tags ðŸ‡ºðŸ‡¸: America, Architecture, Buildings "
photos/photo_109@25-08-2022_14-28-30.jpg ," Tags ðŸ‡ºðŸ‡¸: Death Valley, Scrubs, Sand "
photos/photo_110@25-08-2022_14-28-36.jpg ," Tags ðŸ‡ºðŸ‡¸: Hollywood Sign, Los Angeles, Hollywood "
photos/photo_111@25-08-2022_14-28-42.jpg ," Tags ðŸ‡ºðŸ‡¸: Road, Utah, Rocks "
photos/photo_112@25-08-2022_14-28-49.jpg ," Tags ðŸ‡ºðŸ‡¸: Canyon, Children, Hike "
photos/photo_113@25-08-2022_14-28-56.jpg ," Tags ðŸ‡ºðŸ‡¸: Bridge, Road, Buildings "
photos/photo_114@25-08-2022_14-29-02.jpg ," Tags ðŸ‡ºðŸ‡¸: New York, Fog, City "
photos/photo_115@25-08-2022_14-29-09.jpg ," Tags ðŸ‡ºðŸ‡¸: Chicago, Usa, Building "
photos/photo_116@25-08-2022_14-29-16.jpg ," Tags ðŸ‡ºðŸ‡¸: Yosemite, National Park, Mountains "
photos/photo_117@25-08-2022_14-29-23.jpg ," Tags ðŸ‡ºðŸ‡¸: Buildings, City, Skyline "
photos/photo_118@25-08-2022_14-29-29.jpg ," Tags ðŸ‡ºðŸ‡¸: Mountains, Trail, Forest "
photos/photo_119@25-08-2022_14-29-35.jpg ," Tags ðŸ‡ºðŸ‡¸: Dumbo, Manhattan Bridge, Nyc "
photos/photo_120@25-08-2022_14-29-42.jpg ," Tags ðŸ‡ºðŸ‡¸: Desert, Highway, Mountains "
photos/photo_121@25-08-2022_14-29-48.jpg ," Tags ðŸ‡ºðŸ‡¸: Architecture, Building, Business "
photos/photo_122@25-08-2022_14-29-57.jpg ," Tags ðŸ‡ºðŸ‡¸: Chicago, City, Building "
photos/photo_123@25-08-2022_14-30-02.jpg ," Tags ðŸ‡ºðŸ‡¸: Charleston, Rainbow Row, Historic "
photos/photo_124@25-08-2022_14-30-09.jpg ," Tags ðŸ‡ºðŸ‡¸: Los Angeles, Usa, America "
photos/photo_125@25-08-2022_14-30-17.jpg ," Tags ðŸ‡ºðŸ‡¸: Sandstone, Landmark, Natural Arch "
photos/photo_126@25-08-2022_14-30-24.jpg ," Tags ðŸ‡ºðŸ‡¸: New York, Brooklyn Bridge, Nyc "
photos/photo_127@25-08-2022_14-30-29.jpg ," Tags ðŸ‡ºðŸ‡¸: City, Skyline, Architecture "
photos/photo_128@25-08-2022_14-30-36.jpg ," Tags ðŸ‡ºðŸ‡¸: Colorado, Aspen, Usa "
photos/photo_129@25-08-2022_14-30-42.jpg ," Tags ðŸ‡ºðŸ‡¸: Santa Cruz, California, Shore "
photos/photo_130@25-08-2022_14-30-48.jpg ," Tags ðŸ‡ºðŸ‡¸: Bridge, Sidewalk, Urban "
photos/photo_131@25-08-2022_14-30-54.jpg ," Tags ðŸ‡ºðŸ‡¸: Monument Valley, Desert, Road "
photos/photo_132@25-08-2022_14-31-01.jpg ," Tags ðŸ‡ºðŸ‡¸: San Francisco, California, Beach "
photos/photo_133@25-08-2022_14-31-07.jpg ," Tags ðŸ‡ºðŸ‡¸: Outdoors, New York, Skyline "
photos/photo_134@25-08-2022_14-31-13.jpg ," Tags ðŸ‡ºðŸ‡¸: Antelope Canyon, Landscape, Tourist Attraction "
photos/photo_135@25-08-2022_14-31-20.jpg ," Tags ðŸ‡ºðŸ‡¸: Road, Death Valley, Desert "
photos/photo_136@25-08-2022_14-31-25.jpg ," Tags ðŸ‡ºðŸ‡¸: New York City, Urban, Cityscape "
photos/photo_137@25-08-2022_14-31-32.jpg ," Tags ðŸ‡ºðŸ‡¸: Nyc, New York, Times Square "
photos/photo_138@25-08-2022_14-31-38.jpg ," Tags ðŸ‡ºðŸ‡¸: Nubble, Lighthouse, Maine "
photos/photo_139@25-08-2022_14-31-43.jpg ," Tags ðŸ‡ºðŸ‡¸: City, Buildings, Bridge "
photos/photo_140@25-08-2022_14-31-49.jpg ," Tags ðŸ‡ºðŸ‡¸: Peru, Tourism, Cuzco "
photos/photo_141@25-08-2022_14-31-54.jpg ," Tags ðŸ‡ºðŸ‡¸: Sunrise, Water, Dawn "
photos/photo_142@25-08-2022_14-31-59.jpg ," Tags ðŸ‡ºðŸ‡¸: Bridge, Usa, New York City "
photos/photo_143@25-08-2022_14-32-06.jpg ," Tags ðŸ‡ºðŸ‡¸: Canyon, Church, Cliff "
photos/photo_144@25-08-2022_14-32-11.jpg ," Tags ðŸ‡ºðŸ‡¸: Grand Canyon, Woman, Canyon "
photos/photo_145@25-08-2022_14-32-18.jpg ," Tags ðŸ‡ºðŸ‡¸: California, Beach, San Diego "
photos/photo_146@25-08-2022_14-32-23.jpg ," Tags ðŸ‡ºðŸ‡¸: New York, Road, River "
photos/photo_147@25-08-2022_14-32-29.jpg ," Tags ðŸ‡ºðŸ‡¸: Buildings, Road, Street "
photos/photo_148@25-08-2022_14-32-36.jpg ," Tags ðŸ‡ºðŸ‡¸: Bridge, Manhattan, Brooklyn "
photos/photo_149@25-08-2022_14-32-41.jpg ," Tags ðŸ‡ºðŸ‡¸: New York, Bridge, Manhattan "
photos/photo_150@25-08-2022_14-32-48.jpg ," Tags ðŸ‡ºðŸ‡¸: Desert, Mountain, Field "
photos/photo_151@25-08-2022_14-32-55.jpg ," Tags ðŸ‡ºðŸ‡¸: New York City, Usa, Nyc "
photos/photo_152@25-08-2022_14-33-02.jpg ," Tags ðŸ‡ºðŸ‡¸: Empire State Building, Hudson, Sunset "
photos/photo_153@25-08-2022_14-33-07.jpg ," Tags ðŸ‡ºðŸ‡¸: Chicago, City, Building "
photos/photo_154@25-08-2022_14-33-13.jpg ," Tags ðŸ‡ºðŸ‡¸: Thomas Jefferson Memorial, Building, Architecture "
photos/photo_155@25-08-2022_14-33-20.jpg ," Tags ðŸ‡ºðŸ‡¸: Mesquite Flats, Sand Dunes, Desert "
photos/photo_156@25-08-2022_14-33-26.jpg ," Tags ðŸ‡ºðŸ‡¸: Golden Gate Bridge, San Francisco, Suspension Bridge "
photos/photo_157@25-08-2022_14-33-32.jpg ," Tags ðŸ‡ºðŸ‡¸: Cyclist, Junction, City "
photos/photo_158@25-08-2022_14-33-39.jpg ," Tags ðŸ‡ºðŸ‡¸: New York, Station, Urban "
photos/photo_159@25-08-2022_14-33-45.jpg ," Tags ðŸ‡ºðŸ‡¸: Grand Central Station, New York, Grand Central Terminal "
photos/photo_160@25-08-2022_14-33-51.jpg ," Tags ðŸ‡ºðŸ‡¸: Seattle, America, Usa "
photos/photo_161@25-08-2022_14-33-59.jpg ," Tags ðŸ‡ºðŸ‡¸: New York, Yellow Cab, Cab "
photos/photo_162@25-08-2022_14-34-04.jpg ," Tags ðŸ‡ºðŸ‡¸: Grand Central Terminal, Grand Central Station, Train "
photos/photo_163@25-08-2022_14-34-10.jpg ," Tags ðŸ‡ºðŸ‡¸: Girl, Child, Flag "
photos/photo_164@25-08-2022_14-34-16.jpg ," Tags ðŸ‡ºðŸ‡¸: Island, Oceas, Coast "
photos/photo_165@25-08-2022_14-34-21.jpg ," Tags ðŸ‡ºðŸ‡¸: Landscape, Evening, Travel "
photos/photo_166@25-08-2022_14-34-26.jpg ," Tags ðŸ‡ºðŸ‡¸: Francisco, Ship, Bay "
photos/photo_167@25-08-2022_14-34-32.jpg ," Tags ðŸ‡ºðŸ‡¸: Seattle, City, Skyline "
photos/photo_168@25-08-2022_14-34-37.jpg ," Tags ðŸ‡ºðŸ‡¸: Car, Road, Travel "
photos/photo_169@25-08-2022_14-34-44.jpg ," Tags ðŸ‡ºðŸ‡¸: Yosemite, Nationalpark, California "
photos/photo_170@25-08-2022_14-34-50.jpg ," Tags ðŸ‡ºðŸ‡¸: Beach, Sand, Coney Island "
photos/photo_171@25-08-2022_14-34-55.jpg ," Tags ðŸ‡ºðŸ‡¸: Queen Of Liberty, Statue Of Liberty, New York "
photos/photo_172@25-08-2022_14-35-03.jpg ," Tags ðŸ‡ºðŸ‡¸: Usa Flag, Flag, Usa "
photos/photo_173@25-08-2022_14-35-09.jpg ," Tags ðŸ‡ºðŸ‡¸: New York, Usa, Liberty "
photos/photo_174@25-08-2022_14-35-16.jpg ," Tags ðŸ‡ºðŸ‡¸: Passport, Flag, Travel "
photos/photo_175@25-08-2022_14-35-22.jpg ," Tags ðŸ‡ºðŸ‡¸: Skyscraper, Horizon, City "
photos/photo_176@25-08-2022_14-35-29.jpg ," Tags ðŸ‡ºðŸ‡¸: Mount Hood, Oregon, Volcano "
photos/photo_177@25-08-2022_14-35-35.jpg ," Tags ðŸ‡ºðŸ‡¸: Bridge, Sea, Water "
photos/photo_178@25-08-2022_14-35-41.jpg ," Tags ðŸ‡ºðŸ‡¸: Route 66, Usa, Vacations "
photos/photo_179@25-08-2022_14-35-47.jpg ," Tags ðŸ‡ºðŸ‡¸: Liberty Statue, Freiheits Statue, New York "
photos/photo_180@25-08-2022_14-35-53.jpg ," Tags ðŸ‡ºðŸ‡¸: New York, Skyline, Night Scene "
photos/photo_181@25-08-2022_14-35-59.jpg ," Tags ðŸ‡ºðŸ‡¸: Los Angeles, California, Usa "
photos/photo_182@25-08-2022_14-36-04.jpg ," Tags ðŸ‡ºðŸ‡¸: Golden Gate, Golden Gate Bridge, San Francisco "
photos/photo_183@25-08-2022_14-36-10.jpg ," Tags ðŸ‡ºðŸ‡¸: Nevada, Las Vegas, Las Vegas Sign "
photos/photo_184@25-08-2022_14-36-16.jpg ," Tags ðŸ‡ºðŸ‡¸: Griffith Observatory, Los Angeles, Sunset "
photos/photo_185@25-08-2022_14-46-41.jpg ," Tags ðŸ‡ºðŸ‡¸: Nyc, Urban, City "
photos/photo_186@25-08-2022_14-46-46.jpg ," Tags ðŸ‡ºðŸ‡¸: Skyline, City, Urban "
photos/photo_187@25-08-2022_14-46-52.jpg ," Tags ðŸ‡ºðŸ‡¸: New York, Brooklyn, Bridge "
photos/photo_188@25-08-2022_14-46-59.jpg ," Tags ðŸ‡ºðŸ‡¸: Brooklyn, Nyc, New York "
photos/photo_189@25-08-2022_14-47-05.jpg ," Tags ðŸ‡ºðŸ‡¸: City, Aerial, Street "
photos/photo_190@25-08-2022_14-47-12.jpg ," Tags ðŸ‡ºðŸ‡¸: New York, City, Skyline "
photos/photo_191@25-08-2022_14-47-19.jpg ," Tags ðŸ‡ºðŸ‡¸: New York, Skyline, Cityscape "
photos/photo_192@25-08-2022_14-47-26.jpg ," Tags ðŸ‡ºðŸ‡¸: City, Cityscape, Skyline "
photos/photo_193@25-08-2022_14-47-33.jpg ," Tags ðŸ‡ºðŸ‡¸: City, Skyline, Dusk "
photos/photo_194@25-08-2022_14-47-39.jpg ," Tags ðŸ‡ºðŸ‡¸: Cityscape, Nyc, Road "
photos/photo_195@25-08-2022_14-47-44.jpg ," Tags ðŸ‡ºðŸ‡¸: Statue Of Liberty, New York City, Sunset "
photos/photo_196@25-08-2022_14-47-50.jpg ," Tags ðŸ‡ºðŸ‡¸: City, Cityscape, Panoramic "
photos/photo_197@25-08-2022_14-47-57.jpg ," Tags ðŸ‡ºðŸ‡¸: Central Park, New York City, Urban "
photos/photo_198@25-08-2022_14-48-02.jpg ," Tags ðŸ‡ºðŸ‡¸: Liberty, Statue, New York "
photos/photo_199@25-08-2022_14-48-07.jpg ," Tags ðŸ‡ºðŸ‡¸: New York, Usa, Empire State Building "
photos/photo_200@25-08-2022_14-48-14.jpg ," Tags ðŸ‡ºðŸ‡¸: Empire State Building, New York City, Sunset "
photos/photo_201@25-08-2022_14-48-22.jpg ," Tags ðŸ‡ºðŸ‡¸: City, Skyscraper, Cityscape "
photos/photo_202@25-08-2022_14-48-30.jpg ," Tags ðŸ‡ºðŸ‡¸: New York, Statue Of Liberty, Sunset "
photos/photo_203@25-08-2022_14-48-35.jpg ," Tags ðŸ‡ºðŸ‡¸: Statue Of Liberty, New York City, Sunset "
photos/photo_204@25-08-2022_14-48-42.jpg ," Tags ðŸ‡ºðŸ‡¸: Architecture, Buildings, Business "
photos/photo_205@25-08-2022_14-48-49.jpg ," Tags ðŸ‡ºðŸ‡¸: Sunset, Manhattan, New York "
photos/photo_206@25-08-2022_14-48-57.jpg ," Tags ðŸ‡ºðŸ‡¸: Empire, New York, City "
photos/photo_207@25-08-2022_14-49-02.jpg ," Tags ðŸ‡ºðŸ‡¸: Statue Of Liberty, Island, Bay "
photos/photo_208@25-08-2022_14-49-08.jpg ," Tags ðŸ‡ºðŸ‡¸: Empire State Building, New York City, Sunset "
photos/photo_209@25-08-2022_14-49-15.jpg ," Tags ðŸ‡ºðŸ‡¸: New York City, City, Buildings "
photos/photo_210@25-08-2022_14-49-20.jpg ," Tags ðŸ‡ºðŸ‡¸: Nyc, New York City, City "
photos/photo_211@25-08-2022_14-49-27.jpg ," Tags ðŸ‡ºðŸ‡¸: Manhattan, New York, Empire State Building "
photos/photo_212@25-08-2022_14-49-34.jpg ," Tags ðŸ‡ºðŸ‡¸: Sunset, Silhouette, Statue Of Liberty "
photos/photo_213@25-08-2022_14-49-40.jpg ," Tags ðŸ‡ºðŸ‡¸: Statue Of Liberty, New York City, Sunset "
photos/photo_214@25-08-2022_14-49-48.jpg ," Tags ðŸ‡ºðŸ‡¸: Nyc, New York City, City "
photos/photo_215@25-08-2022_14-49-53.jpg ," Tags ðŸ‡ºðŸ‡¸: Nyc, New York City, City "
photos/photo_216@25-08-2022_14-49-58.jpg ," Tags ðŸ‡ºðŸ‡¸: Nyc, New York City, City "
photos/photo_217@25-08-2022_14-51-19.jpg ," Tags ðŸ‡ºðŸ‡¸: Chicago, City, John Hancock "
photos/photo_218@25-08-2022_14-51-43.jpg ," Tags ðŸ‡ºðŸ‡¸: Hollywood Sign, Los Angeles, Hollywood "
photos/photo_219@25-08-2022_14-51-51.jpg ," Tags ðŸ‡ºðŸ‡¸: Walt Disney Center, Concert Hall, Architecture "
photos/photo_220@25-08-2022_14-51-56.jpg ," Tags ðŸ‡ºðŸ‡¸: Getty Centre, Los Angeles, Museum "
photos/photo_221@25-08-2022_14-52-03.jpg ," Tags ðŸ‡ºðŸ‡¸: Griffith Observatory, Astronomy, Building "
photos/photo_222@25-08-2022_14-52-09.jpg ," Tags ðŸ‡ºðŸ‡¸: Downtown La, City, Lights "
photos/photo_223@25-08-2022_14-52-15.jpg ," Tags ðŸ‡ºðŸ‡¸: Walt Disney Center, Concert Hall, Hall "
photos/photo_224@25-08-2022_14-52-21.jpg ," Tags ðŸ‡ºðŸ‡¸: Hollywood, Hollywood Sign, Los Angeles "
photos/photo_225@25-08-2022_14-52-28.jpg ," Tags ðŸ‡ºðŸ‡¸: Hollywood, Los Angeles, California "
photos/photo_226@25-08-2022_14-52-34.jpg ," Tags ðŸ‡ºðŸ‡¸: Hollywood, Mountain, Landmark "
photos/photo_227@25-08-2022_14-52-40.jpg ," Tags ðŸ‡ºðŸ‡¸: Walt Disney, Concert, Hall "
photos/photo_228@25-08-2022_14-52-46.jpg ," Tags ðŸ‡ºðŸ‡¸: Walt Disney, Concert, Hall "
photos/photo_229@25-08-2022_14-52-52.jpg ," Tags ðŸ‡ºðŸ‡¸: Santa Monica, Pier, Carousel "
photos/photo_230@25-08-2022_14-52-57.jpg ," Tags ðŸ‡ºðŸ‡¸: Buildings, Skyline, Urban "
photos/photo_231@25-08-2022_14-53-03.jpg ," Tags ðŸ‡ºðŸ‡¸: Los Angeles, Aerial Shot, Aerial View "
photos/photo_232@25-08-2022_14-53-10.jpg ," Tags ðŸ‡ºðŸ‡¸: Los Angeles, California, City "
photos/photo_233@25-08-2022_14-53-15.jpg ," Tags ðŸ‡ºðŸ‡¸: Los Angeles, Disney Hall, Architecture "
photos/photo_234@25-08-2022_14-53-20.jpg ," Tags ðŸ‡ºðŸ‡¸: Walt Disney, Concert, Hall "
photos/photo_235@25-08-2022_14-53-25.jpg ," Tags ðŸ‡ºðŸ‡¸: Walt Disney, Concert, Hall "
photos/photo_236@25-08-2022_14-53-30.jpg ," Tags ðŸ‡ºðŸ‡¸: Walt Disney, Los Angeles, Downtown "
photos/photo_237@25-08-2022_14-53-36.jpg ," Tags ðŸ‡ºðŸ‡¸: Rodeo Street, Hollywood, Sign "
photos/photo_238@25-08-2022_14-53-41.jpg ," Tags ðŸ‡ºðŸ‡¸: Skyscrapers, Skyline, Downtown "
photos/photo_239@25-08-2022_14-53-46.jpg ," Tags ðŸ‡ºðŸ‡¸: Hollywood, Sign, California "
photos/photo_240@25-08-2022_14-53-51.jpg ," Tags ðŸ‡ºðŸ‡¸: Hollywood, California, Los Angeles "
photos/photo_241@25-08-2022_14-53-57.jpg ," Tags ðŸ‡ºðŸ‡¸: Beverly, Wilshire, Hotel "
photos/photo_242@25-08-2022_14-54-03.jpg ," Tags ðŸ‡ºðŸ‡¸: Los Angeles, Art District, Skyline "
photos/photo_243@25-08-2022_14-54-08.jpg ," Tags ðŸ‡ºðŸ‡¸: Universalstudio, Usa, California "
photos/photo_244@25-08-2022_14-54-14.jpg ," Tags ðŸ‡ºðŸ‡¸: Black And White, City, Los Angeles "
photos/photo_245@25-08-2022_14-54-20.jpg ," Tags ðŸ‡ºðŸ‡¸: Archer, Bronze, Sta "
photos/photo_246@25-08-2022_14-54-25.jpg ," Tags ðŸ‡ºðŸ‡¸: Griffith Observatory, Los Angeles California, Landmark "
photos/photo_247@25-08-2022_14-54-31.jpg ," Tags ðŸ‡ºðŸ‡¸: Statue, Business, Man "
photos/photo_248@25-08-2022_14-54-36.jpg ," Tags ðŸ‡ºðŸ‡¸: Los Angeles, La, City "
photos/photo_249@25-08-2022_14-54-42.jpg ," Tags ðŸ‡ºðŸ‡¸: Hills, Beverly, Rodeo "
undefined ," The content of video ðŸ‡ºðŸ‡¸: Film "
undefined ," The content of video ðŸ‡ºðŸ‡¸: Film "
undefined ," The content of video ðŸ‡ºðŸ‡¸: Film "
undefined ," The content of video ðŸ‡ºðŸ‡¸: Film "
undefined ," The content of video ðŸ‡ºðŸ‡¸: Animation "
undefined ," The content of video ðŸ‡ºðŸ‡¸: Film "
undefined ," The content of video ðŸ‡ºðŸ‡¸: Film "
undefined ," The content of video ðŸ‡ºðŸ‡¸: Film "
undefined ," The content of video ðŸ‡ºðŸ‡¸: Film "
undefined ," The content of video ðŸ‡ºðŸ‡¸: Film "
photos/photo_250@26-08-2022_00-06-31.jpg ," Tags ðŸ‡ºðŸ‡¸: Mosque, Crowd, Worship "
photos/photo_251@26-08-2022_00-06-37.jpg ," Tags ðŸ‡ºðŸ‡¸: Mosque, Abu Dhabi, To Travel "
photos/photo_252@26-08-2022_00-06-43.jpg ," Tags ðŸ‡ºðŸ‡¸: Jerusalem, Dome Of The Rock, Islam "
photos/photo_253@26-08-2022_00-06-50.jpg ," Tags ðŸ‡ºðŸ‡¸: Istanbul, People, Temple "
photos/photo_254@26-08-2022_00-06-56.jpg ," Tags ðŸ‡ºðŸ‡¸: Kid, Praying, Muslim "
photos/photo_255@26-08-2022_00-07-02.jpg ," Tags ðŸ‡ºðŸ‡¸: Book, Quran, Open "
photos/photo_256@26-08-2022_00-07-08.jpg ," Tags ðŸ‡ºðŸ‡¸: Mosque, Architecture, Dome "
photos/photo_257@26-08-2022_00-07-15.jpg ," Tags ðŸ‡ºðŸ‡¸: Ramadan, Morocco, Traditional "
photos/photo_258@26-08-2022_00-07-20.jpg ," Tags ðŸ‡ºðŸ‡¸: Travel, Tourism, Abu Dhabi "
photos/photo_259@26-08-2022_00-07-26.jpg ," Tags ðŸ‡ºðŸ‡¸: Lamps, Light, Culture "
photos/photo_260@26-08-2022_00-07-33.jpg ," Tags ðŸ‡ºðŸ‡¸: Taj Mahal, India, Agra "
photos/photo_261@26-08-2022_00-07-39.jpg ," Tags ðŸ‡ºðŸ‡¸: India, Taj-Mahal, Agra "
photos/photo_262@26-08-2022_00-07-46.jpg ," Tags ðŸ‡ºðŸ‡¸: Man, Ramadan, Muslim "
photos/photo_263@26-08-2022_00-07-53.jpg ," Tags ðŸ‡ºðŸ‡¸: Muslim, Prayer, Pray "
photos/photo_264@26-08-2022_00-07-59.jpg ," Tags ðŸ‡ºðŸ‡¸: Mosque, Minarets, Architecture "
photos/photo_265@26-08-2022_00-08-06.jpg ," Tags ðŸ‡ºðŸ‡¸: Theater, Art, Artist "
photos/photo_266@26-08-2022_00-08-11.jpg ," Tags ðŸ‡ºðŸ‡¸: Sultan Ahmet Mosque, Cami, Mosque "
photos/photo_267@26-08-2022_00-08-18.jpg ," Tags ðŸ‡ºðŸ‡¸: Birds, Religion, Islam "
photos/photo_268@26-08-2022_00-08-25.jpg ," Tags ðŸ‡ºðŸ‡¸: Mosque, Minaret, Dome "
photos/photo_269@26-08-2022_00-08-33.jpg ," Tags ðŸ‡ºðŸ‡¸: Sultan Qaboos Grand Mosque, Oman, Nutmeg "
photos/photo_270@26-08-2022_00-08-39.jpg ," Tags ðŸ‡ºðŸ‡¸: Man, Turban, Pray "
photos/photo_271@26-08-2022_00-08-45.jpg ," Tags ðŸ‡ºðŸ‡¸: Sheikh Zayed Grand Mosque, Temple, Islam "
photos/photo_272@26-08-2022_00-08-53.jpg ," Tags ðŸ‡ºðŸ‡¸: Mosque, Islamic, Religion "
photos/photo_273@26-08-2022_00-09-00.jpg ," Tags ðŸ‡ºðŸ‡¸: Islamic, Prayer, Dusk "
photos/photo_274@26-08-2022_00-09-06.jpg ," Tags ðŸ‡ºðŸ‡¸: Praise Be To God, Thank God, Thankful "
photos/photo_275@26-08-2022_00-09-11.jpg ," Tags ðŸ‡ºðŸ‡¸: Kaaba, Mosque, Mecca "
photos/photo_276@26-08-2022_00-09-17.jpg ," Tags ðŸ‡ºðŸ‡¸: Religious, Muhammad, Religion "
photos/photo_277@26-08-2022_00-09-23.jpg ," Tags ðŸ‡ºðŸ‡¸: Islam, Moslem, Pray "
photos/photo_278@26-08-2022_00-09-30.jpg ," Tags ðŸ‡ºðŸ‡¸: Peace, Religion, Calligraphy "
photos/photo_279@26-08-2022_00-09-35.jpg ," Tags ðŸ‡ºðŸ‡¸: Holy Quran, Ramadan, Holy "
photos/photo_280@26-08-2022_00-09-42.jpg ," Tags ðŸ‡ºðŸ‡¸: Moscow Cathedral Mosque, Prospekt Mira, Ramadan "
photos/photo_281@26-08-2022_00-09-49.jpg ," Tags ðŸ‡ºðŸ‡¸: Cami, Minaret, Istanbul "
photos/photo_282@26-08-2022_00-09-56.jpg ," Tags ðŸ‡ºðŸ‡¸: Crescent, Moon, Star "
photos/photo_283@26-08-2022_00-10-02.jpg ," Tags ðŸ‡ºðŸ‡¸: Ramadan, Muslim, Islam "
photos/photo_284@26-08-2022_00-10-10.jpg ," Tags ðŸ‡ºðŸ‡¸: Mosque, Islam, Islamic "
photos/photo_285@26-08-2022_00-10-16.jpg ," Tags ðŸ‡ºðŸ‡¸: Prophet, Mosque, Masjid "
photos/photo_286@26-08-2022_00-10-23.jpg ," Tags ðŸ‡ºðŸ‡¸: Mosque, Architecture, Islam "
photos/photo_287@26-08-2022_00-10-29.jpg ," Tags ðŸ‡ºðŸ‡¸: Student, Hafiz, Cami "
photos/photo_288@26-08-2022_00-10-36.jpg ," Tags ðŸ‡ºðŸ‡¸: House Of Allah, Mecca, Mosque "
photos/photo_289@26-08-2022_00-10-41.jpg ," Tags ðŸ‡ºðŸ‡¸: The Pilgrim'S Guide, Religion, Islam "
photos/photo_290@26-08-2022_00-10-47.jpg ," Tags ðŸ‡ºðŸ‡¸: Kaaba, Islam, The Pilgrim'S Guide "
photos/photo_291@26-08-2022_00-10-55.jpg ," Tags ðŸ‡ºðŸ‡¸: Cairo, Mosque, Egypt "
photos/photo_292@26-08-2022_00-11-01.jpg ," Tags ðŸ‡ºðŸ‡¸: Ayat Al Kursi, Islam, Muslims "
photos/photo_293@26-08-2022_00-11-07.jpg ," Tags ðŸ‡ºðŸ‡¸: Allah, God, The One "
photos/photo_294@26-08-2022_00-11-15.jpg ," Tags ðŸ‡ºðŸ‡¸: Prayer, Islam, Iran "
photos/photo_295@26-08-2022_00-11-20.jpg ," Tags ðŸ‡ºðŸ‡¸: Morocco, Casablanca, Mosque Hassan "
photos/photo_296@26-08-2022_00-11-27.jpg ," Tags ðŸ‡ºðŸ‡¸: Mecca, Mekkah, Saudi Arabia "
photos/photo_297@26-08-2022_00-11-34.jpg ," Tags ðŸ‡ºðŸ‡¸: Architecture, Asia, Blue "
photos/photo_298@26-08-2022_00-11-39.jpg ," Tags ðŸ‡ºðŸ‡¸: Mosque, Religion, Islam "
photos/photo_299@26-08-2022_00-11-46.jpg ," Tags ðŸ‡ºðŸ‡¸: Coexist, Islam, Peace Symbol "
photos/photo_300@26-08-2022_00-11-52.jpg ," Tags ðŸ‡ºðŸ‡¸: Kaaba, Mecca, The Pilgrim'S Guide "
photos/photo_301@26-08-2022_00-11-58.jpg ," Tags ðŸ‡ºðŸ‡¸: Prophet, Messenger Of God, Muhammad "
photos/photo_302@26-08-2022_00-12-04.jpg ," Tags ðŸ‡ºðŸ‡¸: Istanbul, Gundogmus, Morning "
photos/photo_303@26-08-2022_00-12-10.jpg ," Tags ðŸ‡ºðŸ‡¸: Calligraphy, Arabic, Ayat "
photos/photo_304@26-08-2022_00-12-15.jpg ," Tags ðŸ‡ºðŸ‡¸: Quran, Ramadhan, Muslim "
photos/photo_305@26-08-2022_00-12-22.jpg ," Tags ðŸ‡ºðŸ‡¸: Allah, Hand, Islam "
photos/photo_306@26-08-2022_00-12-29.jpg ," Tags ðŸ‡ºðŸ‡¸: Crescent, Moon, Star "
photos/photo_307@26-08-2022_00-12-35.jpg ," Tags ðŸ‡ºðŸ‡¸: Religious, Muhammad, Religion "
photos/photo_308@26-08-2022_00-12-42.jpg ," Tags ðŸ‡ºðŸ‡¸: Casablanca, Morocco, Mosque "
photos/photo_309@26-08-2022_00-12-47.jpg ," Tags ðŸ‡ºðŸ‡¸: Istanbul, Minaret, Travel "
photos/photo_310@26-08-2022_00-12-54.jpg ," Tags ðŸ‡ºðŸ‡¸: Building, Islam, Masjid "
photos/photo_311@26-08-2022_00-13-01.jpg ," Tags ðŸ‡ºðŸ‡¸: Religion, Masjid, Islam "
photos/photo_312@26-08-2022_00-13-08.jpg ," Tags ðŸ‡ºðŸ‡¸: Kid, Boy, Muslim "
photos/photo_313@26-08-2022_00-13-14.jpg ," Tags ðŸ‡ºðŸ‡¸: Ramadan, Recite, The Quran "
photos/photo_314@26-08-2022_00-13-20.jpg ," Tags ðŸ‡ºðŸ‡¸: Mosque, Masjid, Architecture "
photos/photo_315@26-08-2022_00-13-25.jpg ," Tags ðŸ‡ºðŸ‡¸: Mandala, Design, Cool "
photos/photo_316@26-08-2022_00-13-32.jpg ," Tags ðŸ‡ºðŸ‡¸: Mosque, Islam, Saudi Arabia "
photos/photo_317@26-08-2022_00-13-40.jpg ," Tags ðŸ‡ºðŸ‡¸: Jerusalem, Worship, History "
photos/photo_318@26-08-2022_00-13-48.jpg ," Tags ðŸ‡ºðŸ‡¸: Madinah, Religion, Hajj "
photos/photo_319@26-08-2022_00-13-53.jpg ," Tags ðŸ‡ºðŸ‡¸: Salat, Shahada, Shahadah "
photos/photo_320@26-08-2022_00-13-59.jpg ," Tags ðŸ‡ºðŸ‡¸: Mosque, Masjid Al Nabawi, Medina "
photos/photo_321@26-08-2022_00-14-06.jpg ," Tags ðŸ‡ºðŸ‡¸: Ramadan, Kareem, Moon "
photos/photo_322@26-08-2022_00-14-13.jpg ," Tags ðŸ‡ºðŸ‡¸: Mosque, Pecs, Gazi "
photos/photo_323@26-08-2022_00-14-20.jpg ," Tags ðŸ‡ºðŸ‡¸: Calligraphy, God, Islam "
photos/photo_324@26-08-2022_00-14-27.jpg ," Tags ðŸ‡ºðŸ‡¸: Mosque, King Abdullah Mosque, Amman "
photos/photo_325@26-08-2022_00-14-33.jpg ," Tags ðŸ‡ºðŸ‡¸: Famous Buildings, Islam, Mosque "
photos/photo_326@26-08-2022_00-14-39.jpg ," Tags ðŸ‡ºðŸ‡¸: Mosque, Ahmet Hamdi Akseki Mosque, Ankara "
photos/photo_327@26-08-2022_00-14-45.jpg ," Tags ðŸ‡ºðŸ‡¸: Hijab, Indonesia, Religion "
photos/photo_328@26-08-2022_00-14-51.jpg ," Tags ðŸ‡ºðŸ‡¸: Ramadan, Allah, Golden "
photos/photo_329@26-08-2022_00-14-56.jpg ," Tags ðŸ‡ºðŸ‡¸: Hagia Sophia, Constantinople, Church "
photos/photo_330@26-08-2022_00-15-02.jpg ," Tags ðŸ‡ºðŸ‡¸: The, Niqab, Religion "
photos/photo_331@26-08-2022_00-15-09.jpg ," Tags ðŸ‡ºðŸ‡¸: Ramadan, Islam, Greeting "
photos/photo_332@26-08-2022_00-15-16.jpg ," Tags ðŸ‡ºðŸ‡¸: Mosque, Masjid Al-Nabawi, Medina "
photos/photo_333@26-08-2022_00-15-23.jpg ," Tags ðŸ‡ºðŸ‡¸: Ibn Tulun, Mosque, Cairo "
photos/photo_334@26-08-2022_00-15-28.jpg ," Tags ðŸ‡ºðŸ‡¸: Prayer, Muslim, Religion "
photos/photo_335@26-08-2022_00-15-35.jpg ," Tags ðŸ‡ºðŸ‡¸: Mandala, Design, Cool "
photos/photo_336@26-08-2022_00-15-41.jpg ," Tags ðŸ‡ºðŸ‡¸: Islamic, Prayer, Silhouette "
photos/photo_337@26-08-2022_00-15-47.jpg ," Tags ðŸ‡ºðŸ‡¸: Student, Hafiz, Cami "
photos/photo_338@26-08-2022_00-15-55.jpg ," Tags ðŸ‡ºðŸ‡¸: Ramadan, Kareem, Moon "
photos/photo_339@26-08-2022_00-16-05.jpg ," Tags ðŸ‡ºðŸ‡¸: Golden, Rule, Shiny "
photos/photo_340@26-08-2022_00-16-12.jpg ," Tags ðŸ‡ºðŸ‡¸: God, Allah, Divine "
photos/photo_341@26-08-2022_00-16-19.jpg ," Tags ðŸ‡ºðŸ‡¸: Mosque, SÃ¼leymaniye, Istanbul "
photos/photo_342@26-08-2022_00-16-26.jpg ," Tags ðŸ‡ºðŸ‡¸: Quran, Islam, Alanya "
photos/photo_343@26-08-2022_00-16-33.jpg ," Tags ðŸ‡ºðŸ‡¸: Minaret, Tower, Architecture "
photos/photo_344@26-08-2022_00-16-41.jpg ," Tags ðŸ‡ºðŸ‡¸: Muhammad, Prophet, Madinah "
photos/photo_345@26-08-2022_00-16-48.jpg ," Tags ðŸ‡ºðŸ‡¸: Arab, Muslim, Islam "
photos/photo_346@26-08-2022_00-16-54.jpg ," Tags ðŸ‡ºðŸ‡¸: Hand Of Fatima, Hamsa, Khamsa "
photos/photo_347@26-08-2022_00-17-02.jpg ," Tags ðŸ‡ºðŸ‡¸: Religion, Calligraphy, Logo "
photos/photo_348@26-08-2022_00-17-09.jpg ," Tags ðŸ‡ºðŸ‡¸: Abu Dhabi, Mosque, Religion "
photos/photo_349@26-08-2022_00-17-16.jpg ," Tags ðŸ‡ºðŸ‡¸: Mosque, Masjid Al-Nabawi, Medina "
photos/photo_350@26-08-2022_00-17-21.jpg ," Tags ðŸ‡ºðŸ‡¸: Mosque, Islam, Muslim "
photos/photo_351@26-08-2022_00-17-28.jpg ," Tags ðŸ‡ºðŸ‡¸: Quran, Holy, Book "
photos/photo_352@26-08-2022_00-17-35.jpg ," Tags ðŸ‡ºðŸ‡¸: Islam, Moslem, Pray "
photos/photo_353@26-08-2022_00-17-44.jpg ," Tags ðŸ‡ºðŸ‡¸: Mosque, Architecture, Islam "
photos/photo_354@26-08-2022_00-17-52.jpg ," Tags ðŸ‡ºðŸ‡¸: Mosque, Masjid, God "
photos/photo_355@26-08-2022_00-18-00.jpg ," Tags ðŸ‡ºðŸ‡¸: Mosque, Islam, Saudi Arabia "
photos/photo_356@26-08-2022_00-18-06.jpg ," Tags ðŸ‡ºðŸ‡¸: Mosque, Architecture, Islam "
photos/photo_357@26-08-2022_00-18-13.jpg ," Tags ðŸ‡ºðŸ‡¸: Abstract, Geometric, Art "
photos/photo_358@26-08-2022_00-18-18.jpg ," Tags ðŸ‡ºðŸ‡¸: Abu-Dhabi, Mosque, Sheik "
photos/photo_359@26-08-2022_00-18-23.jpg ," Tags ðŸ‡ºðŸ‡¸: Dome, Cami, Architectural "
photos/photo_360@26-08-2022_00-21-34.jpg ," Tags ðŸ‡ºðŸ‡¸: Sunset, Landscape, Nature "
photos/photo_361@26-08-2022_00-21-39.jpg ," Tags ðŸ‡ºðŸ‡¸: Arch, Window, Lake "
photos/photo_362@26-08-2022_00-21-44.jpg ," Tags ðŸ‡ºðŸ‡¸: Matterhorn, Mountain, Peak "
photos/photo_363@26-08-2022_00-21-51.jpg ," Tags ðŸ‡ºðŸ‡¸: River, Bank, Plants "
photos/photo_364@26-08-2022_00-21-57.jpg ," Tags ðŸ‡ºðŸ‡¸: Sunset, Silhouettes, Dusk "
photos/photo_365@26-08-2022_00-22-04.jpg ," Tags ðŸ‡ºðŸ‡¸: Beach, Coast, Dusk "
photos/photo_366@26-08-2022_00-22-12.jpg ," Tags ðŸ‡ºðŸ‡¸: Nature, Landscape, Heaven "
photos/photo_367@26-08-2022_00-22-19.jpg ," Tags ðŸ‡ºðŸ‡¸: Sunset, Windmills, Silhouettes "
photos/photo_368@26-08-2022_00-22-26.jpg ," Tags ðŸ‡ºðŸ‡¸: Dog, Beach, Dawn "
photos/photo_369@26-08-2022_00-22-33.jpg ," Tags ðŸ‡ºðŸ‡¸: Bridge, Lighthouse, Sunset "
photos/photo_370@26-08-2022_00-22-38.jpg ," Tags ðŸ‡ºðŸ‡¸: Tree, Sunset, Sea "
photos/photo_371@26-08-2022_00-22-50.jpg ," Tags ðŸ‡ºðŸ‡¸: Tree, Sunset, Bushes "
photos/photo_372@26-08-2022_00-22-59.jpg ," Tags ðŸ‡ºðŸ‡¸: Boat, Bank, Lake "
photos/photo_373@26-08-2022_00-23-06.jpg ," Tags ðŸ‡ºðŸ‡¸: Girl, Silhouette, Grass "
photos/photo_374@26-08-2022_00-23-11.jpg ," Tags ðŸ‡ºðŸ‡¸: Man, Beach, Sunset "
photos/photo_375@26-08-2022_00-23-18.jpg ," Tags ðŸ‡ºðŸ‡¸: Lake, Trees, Mountains "
photos/photo_376@26-08-2022_00-23-25.jpg ," Tags ðŸ‡ºðŸ‡¸: Mountain, Sunset, Landscape "
photos/photo_377@26-08-2022_00-23-32.jpg ," Tags ðŸ‡ºðŸ‡¸: Dawn, Road, Fog "
photos/photo_378@26-08-2022_00-23-37.jpg ," Tags ðŸ‡ºðŸ‡¸: Plume, Sunset, Nature "
photos/photo_379@26-08-2022_00-23-42.jpg ," Tags ðŸ‡ºðŸ‡¸: Sky, Tree, Field "
photos/photo_380@26-08-2022_00-23-49.jpg ," Tags ðŸ‡ºðŸ‡¸: Great Wall Of China, Mountain, Ancient "
photos/photo_381@26-08-2022_00-23-54.jpg ," Tags ðŸ‡ºðŸ‡¸: Hd Wallpaper, Nature Wallpaper, Etretat "
photos/photo_382@26-08-2022_00-23-59.jpg ," Tags ðŸ‡ºðŸ‡¸: People, Fun, Friends "
photos/photo_383@26-08-2022_00-24-04.jpg ," Tags ðŸ‡ºðŸ‡¸: Mountain Ranges, Haze, Mist "
photos/photo_384@26-08-2022_00-24-12.jpg ," Tags ðŸ‡ºðŸ‡¸: Sunflower, Sunset, Nature "
photos/photo_385@26-08-2022_00-24-17.jpg ," Tags ðŸ‡ºðŸ‡¸: Girls, Bicycle, Helmets "
photos/photo_386@26-08-2022_00-24-25.jpg ," Tags ðŸ‡ºðŸ‡¸: Sunset, Fields, Trees "
photos/photo_387@26-08-2022_00-24-32.jpg ," Tags ðŸ‡ºðŸ‡¸: Sea, Rocky Coast, Cliffs "
photos/photo_388@26-08-2022_00-24-37.jpg ," Tags ðŸ‡ºðŸ‡¸: Egret, Flying, Fog "
photos/photo_389@26-08-2022_00-24-42.jpg ," Tags ðŸ‡ºðŸ‡¸: Jetty, Sea, Sunset "
photos/photo_390@26-08-2022_00-24-48.jpg ," Tags ðŸ‡ºðŸ‡¸: Hill, Wooden Fence, Sunset "
photos/photo_391@26-08-2022_00-24-56.jpg ," Tags ðŸ‡ºðŸ‡¸: Alps, Snow, Mountains "
photos/photo_392@26-08-2022_00-25-02.jpg ," Tags ðŸ‡ºðŸ‡¸: Landscape, Deer, Mountain "
photos/photo_393@26-08-2022_00-25-09.jpg ," Tags ðŸ‡ºðŸ‡¸: Birds, Flying, Sky "
photos/photo_394@26-08-2022_00-25-15.jpg ," Tags ðŸ‡ºðŸ‡¸: Sea, Waves, Sunset "
photos/photo_395@26-08-2022_00-25-21.jpg ," Tags ðŸ‡ºðŸ‡¸: Mountains, Summit, Clouds "
photos/photo_396@26-08-2022_00-25-27.jpg ," Tags ðŸ‡ºðŸ‡¸: Phone Wallpaper, Flowers, Plants "
photos/photo_397@26-08-2022_00-25-32.jpg ," Tags ðŸ‡ºðŸ‡¸: Iceland, Landscape, Water "
photos/photo_398@26-08-2022_00-25-39.jpg ," Tags ðŸ‡ºðŸ‡¸: Grass, Meadow, Nature "
photos/photo_399@26-08-2022_00-25-45.jpg ," Tags ðŸ‡ºðŸ‡¸: River, Tea, MiÃ±o "
photos/photo_400@26-08-2022_00-25-52.jpg ," Tags ðŸ‡ºðŸ‡¸: Beach, Driftwood, Sunset "
photos/photo_401@26-08-2022_00-25-58.jpg ," Tags ðŸ‡ºðŸ‡¸: Flowers, Poppies, Buds "
photos/photo_402@26-08-2022_00-26-04.jpg ," Tags ðŸ‡ºðŸ‡¸: Sunset, Grasses, Dusk "
photos/photo_403@26-08-2022_00-26-10.jpg ," Tags ðŸ‡ºðŸ‡¸: Sunset, Silhouettes, Scenery "
photos/photo_404@26-08-2022_00-26-17.jpg ," Tags ðŸ‡ºðŸ‡¸: Hd Wallpaper, Sunset, Water "
photos/photo_405@26-08-2022_00-26-23.jpg ," Tags ðŸ‡ºðŸ‡¸: Alpine, Mountain, Landscape "
photos/photo_406@26-08-2022_00-26-29.jpg ," Tags ðŸ‡ºðŸ‡¸: Flowers, Anemone, Pulsatilla Grandis "
photos/photo_407@26-08-2022_00-26-34.jpg ," Tags ðŸ‡ºðŸ‡¸: Poppies, Field, Meadow "
photos/photo_408@26-08-2022_00-26-40.jpg ," Tags ðŸ‡ºðŸ‡¸: Clouds, Sky, Sunset "
photos/photo_409@26-08-2022_00-26-46.jpg ," Tags ðŸ‡ºðŸ‡¸: Woman, Fashion, Model "
photos/photo_410@26-08-2022_00-26-53.jpg ," Tags ðŸ‡ºðŸ‡¸: Coast, Cliffs, Sea "
photos/photo_411@26-08-2022_00-26-59.jpg ," Tags ðŸ‡ºðŸ‡¸: Shilouette, Trees, Sky "
photos/photo_412@26-08-2022_00-27-09.jpg ," Tags ðŸ‡ºðŸ‡¸: Beach, Cliffs, Sea "
photos/photo_413@26-08-2022_00-27-15.jpg ," Tags ðŸ‡ºðŸ‡¸: Trees, Dusk, Silhouette "
photos/photo_414@26-08-2022_00-27-20.jpg ," Tags ðŸ‡ºðŸ‡¸: Giraffe, Sunset, South Africa "
photos/photo_415@26-08-2022_00-27-26.jpg ," Tags ðŸ‡ºðŸ‡¸: Morning, Wood Anemones, Dewdrops "
photos/photo_416@26-08-2022_00-27-32.jpg ," Tags ðŸ‡ºðŸ‡¸: Buildings, Town, Road "
photos/photo_417@26-08-2022_00-27-39.jpg ," Tags ðŸ‡ºðŸ‡¸: Sunset, Highlands, Trees "
photos/photo_418@26-08-2022_00-27-49.jpg ," Tags ðŸ‡ºðŸ‡¸: Pathway, Mountain, Grass "
photos/photo_419@26-08-2022_00-27-55.jpg ," Tags ðŸ‡ºðŸ‡¸: Clouds, Heaven, Nature "
photos/photo_420@26-08-2022_00-28-03.jpg ," Tags ðŸ‡ºðŸ‡¸: Tower, Fishing, Night "
photos/photo_421@26-08-2022_00-28-08.jpg ," Tags ðŸ‡ºðŸ‡¸: Winter, Trees, Snow "
photos/photo_422@26-08-2022_00-28-15.jpg ," Tags ðŸ‡ºðŸ‡¸: Mountains, Clouds, Sunset "
photos/photo_423@26-08-2022_00-28-21.jpg ," Tags ðŸ‡ºðŸ‡¸: Sea, Waves, Storm "
photos/photo_424@26-08-2022_00-28-26.jpg ," Tags ðŸ‡ºðŸ‡¸: Birds, Sunset, Clouds "
photos/photo_425@26-08-2022_00-28-32.jpg ," Tags ðŸ‡ºðŸ‡¸: Sunset, Beach, Sea "
photos/photo_426@26-08-2022_00-28-39.jpg ," Tags ðŸ‡ºðŸ‡¸: Ocean, Sunrise, Dawn "
photos/photo_427@26-08-2022_00-28-44.jpg ," Tags ðŸ‡ºðŸ‡¸: Sunset, Woman, Freedom "
photos/photo_428@26-08-2022_00-28-50.jpg ," Tags ðŸ‡ºðŸ‡¸: Iceland, Waterfall, Landscape "
photos/photo_429@26-08-2022_00-28-56.jpg ," Tags ðŸ‡ºðŸ‡¸: Peak, Clouds, Dawn "
photos/photo_430@26-08-2022_00-29-03.jpg ," Tags ðŸ‡ºðŸ‡¸: Beach, Nature, Coconut "
photos/photo_431@26-08-2022_00-29-10.jpg ," Tags ðŸ‡ºðŸ‡¸: Arid, Barren, Desert "
photos/photo_432@26-08-2022_00-29-15.jpg ," Tags ðŸ‡ºðŸ‡¸: Cabaneros National Park, Pasture, Sunset "
photos/photo_433@26-08-2022_00-29-22.jpg ," Tags ðŸ‡ºðŸ‡¸: Sunrise, Trees, Silhouette "
photos/photo_434@26-08-2022_00-29-28.jpg ," Tags ðŸ‡ºðŸ‡¸: Mountain, Sunset, Forest "
photos/photo_435@26-08-2022_00-29-34.jpg ," Tags ðŸ‡ºðŸ‡¸: Sunset, Afternoon, Bicycle "
photos/photo_436@26-08-2022_00-29-40.jpg ," Tags ðŸ‡ºðŸ‡¸: Bird, Blackbird, Nature "
photos/photo_437@26-08-2022_00-29-45.jpg ," Tags ðŸ‡ºðŸ‡¸: Tree, Water, Lake "
photos/photo_438@26-08-2022_00-29-51.jpg ," Tags ðŸ‡ºðŸ‡¸: Sunset, Black Forest, Mystic "
photos/photo_439@26-08-2022_00-29-58.jpg ," Tags ðŸ‡ºðŸ‡¸: Nova Scotia Duck Tolling Retriever, Dog, Coast "
photos/photo_440@26-08-2022_00-30-04.jpg ," Tags ðŸ‡ºðŸ‡¸: Mountain, Peak, Clouds "
photos/photo_441@26-08-2022_00-30-20.jpg ," Tags ðŸ‡ºðŸ‡¸: Mountains, Trees, Sky "
photos/photo_442@26-08-2022_00-30-28.jpg ," Tags ðŸ‡ºðŸ‡¸: Beach, Waves, Sea "
photos/photo_443@26-08-2022_00-30-33.jpg ," Tags ðŸ‡ºðŸ‡¸: Selfie, Girl, Silhouette "
photos/photo_444@26-08-2022_00-30-43.jpg ," Tags ðŸ‡ºðŸ‡¸: Sisters, Heart, Sunset "
photos/photo_445@26-08-2022_00-30-49.jpg ," Tags ðŸ‡ºðŸ‡¸: Nature, Panorama, Sunset "
photos/photo_446@26-08-2022_00-30-58.jpg ," Tags ðŸ‡ºðŸ‡¸: Sunset, Table Mountain, Landscape "
photos/photo_447@26-08-2022_00-31-03.jpg ," Tags ðŸ‡ºðŸ‡¸: Hd Wallpaper, Nature Wallpaper, Lake "
photos/photo_448@26-08-2022_00-31-11.jpg ," Tags ðŸ‡ºðŸ‡¸: Glacier Bay, Sunset, Alaska "
photos/photo_449@26-08-2022_00-31-15.jpg ," Tags ðŸ‡ºðŸ‡¸: Dirt Road, Mountains, Sunset "
photos/photo_450@26-08-2022_00-31-23.jpg ," Tags ðŸ‡ºðŸ‡¸: Spiderweb, Trap, Cobweb "
photos/photo_451@26-08-2022_00-31-30.jpg ," Tags ðŸ‡ºðŸ‡¸: Mountains, Forest, Sunset "
photos/photo_452@26-08-2022_00-31-37.jpg ," Tags ðŸ‡ºðŸ‡¸: Sunrise, Beach, Coast "
photos/photo_453@26-08-2022_00-31-43.jpg ," Tags ðŸ‡ºðŸ‡¸: Lake, Sunset, Energy "
photos/photo_454@26-08-2022_00-31-54.jpg ," Tags ðŸ‡ºðŸ‡¸: Hd Wallpaper, Nature Wallpaper, Tuscany "
photos/photo_455@26-08-2022_00-31-59.jpg ," Tags ðŸ‡ºðŸ‡¸: Mountains, Forest, Landscape "
photos/photo_456@26-08-2022_00-32-07.jpg ," Tags ðŸ‡ºðŸ‡¸: Architecture, Chicago, Buildings "
photos/photo_457@26-08-2022_00-32-15.jpg ," Tags ðŸ‡ºðŸ‡¸: Tanzania, Beach, Sunset "
photos/photo_458@26-08-2022_00-32-21.jpg ," Tags ðŸ‡ºðŸ‡¸: Ice Flowers, Soap Bubble, Ice Crystals "
photos/photo_459@26-08-2022_00-32-29.jpg ," Tags ðŸ‡ºðŸ‡¸: Mountains, Clouds, Sunset "
photos/photo_460@26-08-2022_00-32-36.jpg ," Tags ðŸ‡ºðŸ‡¸: Landscape, Mountain, Summit "
photos/photo_461@26-08-2022_00-32-41.jpg ," Tags ðŸ‡ºðŸ‡¸: Sunset, Sand, Beach "
photos/photo_462@26-08-2022_00-32-46.jpg ," Tags ðŸ‡ºðŸ‡¸: Sea, Sunset, Dusk "
photos/photo_463@26-08-2022_00-32-53.jpg ," Tags ðŸ‡ºðŸ‡¸: Chamomiles, Flowers, Daisies "
photos/photo_464@26-08-2022_00-32-59.jpg ," Tags ðŸ‡ºðŸ‡¸: Nature, Trees, Outdoors "
photos/photo_465@26-08-2022_00-33-06.jpg ," Tags ðŸ‡ºðŸ‡¸: Sunrise, Sunset, Fern "
photos/photo_466@26-08-2022_00-33-12.jpg ," Tags ðŸ‡ºðŸ‡¸: Lake, Mountains, Landscape "
photos/photo_467@26-08-2022_00-33-19.jpg ," Tags ðŸ‡ºðŸ‡¸: Sea, Water, Nature "
photos/photo_468@26-08-2022_00-33-25.jpg ," Tags ðŸ‡ºðŸ‡¸: Crane, Port, Shipping Industry "
photos/photo_469@26-08-2022_00-33-34.jpg ," Tags ðŸ‡ºðŸ‡¸: Nature, Sunset, Travel "
photos/photo_470@26-08-2022_00-33-41.jpg ," Tags ðŸ‡ºðŸ‡¸: Sunrise, Field, Meadow "
photos/photo_471@26-08-2022_00-33-47.jpg ," Tags ðŸ‡ºðŸ‡¸: Sunset, Water, Evening Sky "
photos/photo_472@26-08-2022_00-33-53.jpg ," Tags ðŸ‡ºðŸ‡¸: Mountains, Snow, Sunset "
photos/photo_473@26-08-2022_00-34-02.jpg ," Tags ðŸ‡ºðŸ‡¸: Trees, Morning, Chapel "
photos/photo_474@26-08-2022_00-34-12.jpg ," Tags ðŸ‡ºðŸ‡¸: Tea Plantation, Hills, Dawn "
photos/photo_475@26-08-2022_00-34-19.jpg ," Tags ðŸ‡ºðŸ‡¸: Death Valley, Sunset, Plane "
photos/photo_476@26-08-2022_00-34-29.jpg ," Tags ðŸ‡ºðŸ‡¸: Lighthouse, Porto, Portugal "
photos/photo_477@26-08-2022_00-34-36.jpg ," Tags ðŸ‡ºðŸ‡¸: Sunset, Trees, Silhouette "
photos/photo_478@26-08-2022_00-34-43.jpg ," Tags ðŸ‡ºðŸ‡¸: Boat, Lake, Trees "
photos/photo_479@26-08-2022_00-34-51.jpg ," Tags ðŸ‡ºðŸ‡¸: Seascape, Sail Boat, Sailing "
photos/photo_480@26-08-2022_00-34-56.jpg ," Tags ðŸ‡ºðŸ‡¸: Sunset, Mountains, Forest "
photos/photo_481@26-08-2022_00-35-04.jpg ," Tags ðŸ‡ºðŸ‡¸: Heaven, Stars, Fog "
photos/photo_482@26-08-2022_00-35-10.jpg ," Tags ðŸ‡ºðŸ‡¸: Beach, Sunset, Portugal "
photos/photo_483@26-08-2022_00-35-17.jpg ," Tags ðŸ‡ºðŸ‡¸: Mount Kilimanjaro, Mountain, Tanzania "
photos/photo_484@26-08-2022_00-35-24.jpg ," Tags ðŸ‡ºðŸ‡¸: Tree, Dawn, Morning Sun "
photos/photo_485@26-08-2022_00-35-30.jpg ," Tags ðŸ‡ºðŸ‡¸: Man, Bridge, Lonely "
photos/photo_486@26-08-2022_00-35-37.jpg ," Tags ðŸ‡ºðŸ‡¸: Woman, Girl, Model "
photos/photo_487@26-08-2022_00-35-50.jpg ," Tags ðŸ‡ºðŸ‡¸: Forest, Sunset, Landscape "
photos/photo_488@26-08-2022_00-35-55.jpg ," Tags ðŸ‡ºðŸ‡¸: Beach, Sunset, Pebbles "
photos/photo_489@26-08-2022_00-36-01.jpg ," Tags ðŸ‡ºðŸ‡¸: Road, Sunset, Landscape "
photos/photo_490@26-08-2022_00-36-06.jpg ," Tags ðŸ‡ºðŸ‡¸: Hd Wallpaper, Nature Wallpaper, Poppy "
photos/photo_491@26-08-2022_00-36-13.jpg ," Tags ðŸ‡ºðŸ‡¸: Allium, Flower, Plant "
photos/photo_492@26-08-2022_00-36-22.jpg ," Tags ðŸ‡ºðŸ‡¸: Autumn, Nature, Landscape "
photos/photo_493@26-08-2022_00-36-30.jpg ," Tags ðŸ‡ºðŸ‡¸: Cereals, Grain, Field "
photos/photo_494@26-08-2022_00-36-35.jpg ," Tags ðŸ‡ºðŸ‡¸: Nature, Rural, Outdoors "
photos/photo_495@26-08-2022_00-36-42.jpg ," Tags ðŸ‡ºðŸ‡¸: Tuscany, Landscape, Nature "
photos/photo_496@26-08-2022_00-36-48.jpg ," Tags ðŸ‡ºðŸ‡¸: Pelican, Sunset, Clouds "
photos/photo_497@26-08-2022_00-36-56.jpg ," Tags ðŸ‡ºðŸ‡¸: Cochem Castle, Hill, Sunset "
photos/photo_498@26-08-2022_00-37-07.jpg ," Tags ðŸ‡ºðŸ‡¸: Grass, Sunset, Evening "
photos/photo_499@26-08-2022_00-37-14.jpg ," Tags ðŸ‡ºðŸ‡¸: Crow, Bird, Perched "
photos/photo_500@26-08-2022_00-37-20.jpg ," Tags ðŸ‡ºðŸ‡¸: Sea, Sunrise, Ocean "
photos/photo_501@26-08-2022_00-37-26.jpg ," Tags ðŸ‡ºðŸ‡¸: Lake Balaton, Sunset, Lake "
photos/photo_502@26-08-2022_00-37-31.jpg ," Tags ðŸ‡ºðŸ‡¸: Wind Turbines, Silhouettes, Sunset "
photos/photo_503@26-08-2022_00-37-37.jpg ," Tags ðŸ‡ºðŸ‡¸: Sunset, Couple, Sky "
photos/photo_504@26-08-2022_00-37-44.jpg ," Tags ðŸ‡ºðŸ‡¸: Beach, Couple, Sunset "
photos/photo_505@26-08-2022_00-37-49.jpg ," Tags ðŸ‡ºðŸ‡¸: Lake, Boat, Sunset "
photos/photo_506@26-08-2022_00-37-55.jpg ," Tags ðŸ‡ºðŸ‡¸: Pakistan, Mountains, Sunset "
photos/photo_507@26-08-2022_00-38-01.jpg ," Tags ðŸ‡ºðŸ‡¸: City, Walkway, Trees "
photos/photo_508@26-08-2022_00-38-11.jpg ," Tags ðŸ‡ºðŸ‡¸: Tree, Single, Sky "
photos/photo_509@26-08-2022_00-38-17.jpg ," Tags ðŸ‡ºðŸ‡¸: Beach, Sea, Costa Rica "
photos/photo_510@26-08-2022_00-38-24.jpg ," Tags ðŸ‡ºðŸ‡¸: Beach, Katwijk Aan Zee, Sea "
photos/photo_511@26-08-2022_00-38-31.jpg ," Tags ðŸ‡ºðŸ‡¸: Monk, Sunset, Peace "
photos/photo_512@26-08-2022_00-38-39.jpg ," Tags ðŸ‡ºðŸ‡¸: Sunset, Field, Fence "
photos/photo_513@26-08-2022_00-38-44.jpg ," Tags ðŸ‡ºðŸ‡¸: Man, View, Bandung "
photos/photo_514@26-08-2022_00-38-51.jpg ," Tags ðŸ‡ºðŸ‡¸: Rock, Beach, Ocean "
photos/photo_515@26-08-2022_00-38-56.jpg ," Tags ðŸ‡ºðŸ‡¸: Coast Sunset, Sunset, Sea View "
photos/photo_516@26-08-2022_00-39-02.jpg ," Tags ðŸ‡ºðŸ‡¸: Switzerland, Mountains, Alpine "
photos/photo_517@26-08-2022_00-39-07.jpg ," Tags ðŸ‡ºðŸ‡¸: Sandstorm, Desert, Sand "
photos/photo_518@26-08-2022_00-39-13.jpg ," Tags ðŸ‡ºðŸ‡¸: Couple, Love, Beach "
photos/photo_519@26-08-2022_00-39-20.jpg ," Tags ðŸ‡ºðŸ‡¸: Yoga, Sunrise, Silhouette "
photos/photo_520@26-08-2022_00-39-27.jpg ," Tags ðŸ‡ºðŸ‡¸: Sea, Fishing, Man "
photos/photo_521@26-08-2022_00-39-32.jpg ," Tags ðŸ‡ºðŸ‡¸: Beach, Girls, Sunset "
photos/photo_522@26-08-2022_00-39-37.jpg ," Tags ðŸ‡ºðŸ‡¸: Felucca, Nile, Sunset "
photos/photo_523@26-08-2022_00-39-44.jpg ," Tags ðŸ‡ºðŸ‡¸: Photographer, Sunset, Mountains "
photos/photo_524@26-08-2022_00-39-51.jpg ," Tags ðŸ‡ºðŸ‡¸: Etretat, Beach, Sunrise "
photos/photo_525@26-08-2022_00-39-58.jpg ," Tags ðŸ‡ºðŸ‡¸: Sea, Waves, Sunset "
photos/photo_526@26-08-2022_00-40-04.jpg ," Tags ðŸ‡ºðŸ‡¸: Santa Cruz, California, Shore "
photos/photo_527@26-08-2022_00-40-11.jpg ," Tags ðŸ‡ºðŸ‡¸: Sunset, Sea, To Sit "
photos/photo_528@26-08-2022_00-40-18.jpg ," Tags ðŸ‡ºðŸ‡¸: Tuscany, Panorama, Landscape "
photos/photo_529@26-08-2022_00-40-22.jpg ," Tags ðŸ‡ºðŸ‡¸: Petit Minou Lighthouse, Lighthouse, Sea "
photos/photo_530@26-08-2022_00-40-29.jpg ," Tags ðŸ‡ºðŸ‡¸: Sea, Waves, Sunset "
photos/photo_531@26-08-2022_00-40-35.jpg ," Tags ðŸ‡ºðŸ‡¸: Ocean, Beach, Clouds "
photos/photo_532@26-08-2022_00-40-42.jpg ," Tags ðŸ‡ºðŸ‡¸: Rocks, Sunset, Beach "
photos/photo_533@26-08-2022_00-40-49.jpg ," Tags ðŸ‡ºðŸ‡¸: Alps, Mountains, Mountain "
photos/photo_534@26-08-2022_00-40-56.jpg ," Tags ðŸ‡ºðŸ‡¸: Hd Wallpaper, Nature Wallpaper, Mountains "
photos/photo_535@26-08-2022_00-41-06.jpg ," Tags ðŸ‡ºðŸ‡¸: Balloon, Hot Air Balloon, Freedom "
photos/photo_536@26-08-2022_00-41-12.jpg ," Tags ðŸ‡ºðŸ‡¸: Fog, Clouds, Dusk "
photos/photo_537@26-08-2022_00-41-22.jpg ," Tags ðŸ‡ºðŸ‡¸: Sea, Beach, Island "
photos/photo_538@26-08-2022_00-41-28.jpg ," Tags ðŸ‡ºðŸ‡¸: Couple, Silhouette, Beach "
photos/photo_539@26-08-2022_00-41-36.jpg ," Tags ðŸ‡ºðŸ‡¸: Plant, Sunlight, Tropical "
photos/photo_540@26-08-2022_00-41-43.jpg ," Tags ðŸ‡ºðŸ‡¸: Lighthouse, Coast, Sunset "
photos/photo_541@26-08-2022_00-41-56.jpg ," Tags ðŸ‡ºðŸ‡¸: Sea, Jetty, Coast "
photos/photo_542@26-08-2022_00-42-01.jpg ," Tags ðŸ‡ºðŸ‡¸: Mountains, Fog, Forest "
photos/photo_543@26-08-2022_00-42-10.jpg ," Tags ðŸ‡ºðŸ‡¸: Baltic Sea, Beach, Sunset "
photos/photo_544@26-08-2022_00-42-15.jpg ," Tags ðŸ‡ºðŸ‡¸: Dirt Road, Forest, Sunset "
photos/photo_545@26-08-2022_00-42-21.jpg ," Tags ðŸ‡ºðŸ‡¸: Cartoon, Human, Person "
photos/photo_546@26-08-2022_00-42-27.jpg ," Tags ðŸ‡ºðŸ‡¸: Road, Countryside, Winding Road "
photos/photo_547@26-08-2022_00-42-32.jpg ," Tags ðŸ‡ºðŸ‡¸: Grass, Dew, Sunrise "
photos/photo_548@26-08-2022_00-42-38.jpg ," Tags ðŸ‡ºðŸ‡¸: Mountain, Clouds, Fog "
photos/photo_549@26-08-2022_00-42-46.jpg ," Tags ðŸ‡ºðŸ‡¸: Hd Wallpaper, Nature Wallpaper, Wave "
photos/photo_550@26-08-2022_00-42-58.jpg ," Tags ðŸ‡ºðŸ‡¸: Dawn, Fog, Hills "
photos/photo_551@26-08-2022_00-43-06.jpg ," Tags ðŸ‡ºðŸ‡¸: Rock, Stones, Sea "
photos/photo_552@26-08-2022_00-43-13.jpg ," Tags ðŸ‡ºðŸ‡¸: Man, Fishing Net, Lake "
photos/photo_553@26-08-2022_00-43-22.jpg ," Tags ðŸ‡ºðŸ‡¸: Grain, Agriculture, Golden "
photos/photo_554@26-08-2022_00-43-38.jpg ," Tags ðŸ‡ºðŸ‡¸: Landscape, Travel, Nature "
photos/photo_555@26-08-2022_00-43-43.jpg ," Tags ðŸ‡ºðŸ‡¸: Sunset, Sea, Seagulls "
photos/photo_556@26-08-2022_00-43-48.jpg ," Tags ðŸ‡ºðŸ‡¸: Bale, Straw, Agriculture "
photos/photo_557@26-08-2022_00-43-59.jpg ," Tags ðŸ‡ºðŸ‡¸: Sunrise, Lake, Nature "
photos/photo_558@26-08-2022_00-44-08.jpg ," Tags ðŸ‡ºðŸ‡¸: Sunrise, Fog, Landscape "
photos/photo_559@26-08-2022_00-44-17.jpg ," Tags ðŸ‡ºðŸ‡¸: Cornwall, Uk, Coast "
photos/photo_9@25-08-2022_13-59-36.jpg ," Tags: Sunrise, Boat, Rowing Boat "
photos/photo_16@25-08-2022_14-00-23.jpg ," Tags: Hd Wallpaper, Nature Wallpaper, Sunset "
photos/photo_17@25-08-2022_14-00-29.jpg ," Tags: Beach, Birds, Sea "
photos/photo_537@26-08-2022_00-41-22.jpg ," Tags ðŸ‡ºðŸ‡¸: Sea, Beach, Island "
